タイムスタンプ,02　新規登録ですか、修正依頼ですか,店舗名,04-1　店舗住所・区名＜公開＞,04-2　店舗住所・区以降＜公開＞,04-3　店舗住所・建物名称など＜公開＞,4_4_lat,4_4_long,04-4　【任意】店舗の正確な位置（緯度・経度）が分かる方は入力をお願いします＜公開＞,05　店舗の電話番号（ハイフンなし）＜公開＞,06　最寄り駅＜公開＞,07　提供の条件（提供時間・曜日）＜公開＞,定休日,09　店舗　ウェブサイトURL＜公開＞,10　店舗　SNS＜公開＞,ジャンル,12　テイクアウト（持ち帰り）はできますか＜公開＞,13-1　デリバリー（宅配・出前）はできますか＜公開＞,13-2　デリバリー（宅配・出前）の配達・配送料＜公開＞,14　店舗からのメッセージ＜公開＞,15-1a　【メニュー１】メニュー名＜公開＞,15-1b　【メニュー１】税込価格＜公開＞,15-2a　【メニュー２】メニュー名＜公開＞,15-2b　【メニュー２】税込価格＜公開＞,15-3a　【メニュー３】メニュー名＜公開＞,15-3b　【メニュー３】税込価格＜公開＞,15-4　【メニュー4以降】メニュー名、税込価格＜公開＞,店舗ID,変更フラグ
4/27/2020 13:01:47,新規登録,Cafe みtsuりんご,南区,井土ケ谷下町28-13,杉山アパート１F,35.433777,139.60649,"35.433777,139.606490",453153553,井土ヶ谷駅,テイクアウト11:30～17:30受付、デリバリー5月中頃導入予定。,木曜日,https://mitsuringo.business.site,https://www.youtube.com/channel/uc8-ndmuxablr5w5ok1qq4eq,洋食,はい,いいえ,,都内一流レストランにて修行したオーナー自ら手掛けるパスタは、一級品。26歳という若さで、累計７万食パスタを作ってきた実績があります。テイクアウトでは、おうちで手軽にパスタが食べれるように調理済みのソースからお持ち帰り可能。ご来店お待ちしております。,キノコクリームパスタ,1000,ワタリガニのトマトパスタ,1200,ししゃもコンフィのオイルパスタ,950,海老とブロッコリーのオイルパスタ1100、自家製?フェットチーネ220、自家製トマトソース250、ブロッコリーソース350、コーヒー豆100ｇ800、ラズベリーバター870、ゆずバター870,219,
5/7/2020 16:43:10,新規登録,蕎麦ダイニングたかくら,金沢区,六浦2-2-15,,35.328159,139.6154987,"35.328159,139.6154987",453538899,金沢八景,火～日　11:30～14:30　／　17:00～20:00,月曜日,http://yokohama-takakura.com/index.html,https://www.instagram.com/soba_dining_takakura/  ,そば・うどん,はい,いいえ,,"絶品のお蕎麦をはじめ、タカクラ特製のお弁当や、丼物などをテイクアウトできるようになりました！お店の味をご自宅でも楽しんでいただけます！
ご注文いただいてからお作りしますので、出来立てをお持ち帰りいただけます！
ウィルス対策も万全ですので、よろしければお立ち寄りください＾＾
スタッフ一同、心よりお待ちしております＾＾",お蕎麦２人前,1739,冷やしたぬき蕎麦,956,鶏天丼,946,,532,
5/13/2020 12:16:33,新規登録,宮古寿司,栄区,上郷町1369-4,,35.3503229,139.5806289,"35.3503229, 139.5806289",458942929,港南台,"月曜～金曜	11:00～17:00　(L,O16：30)
土曜、日曜	11:00～21:30　(L,O21:00)",定休日なし,http://miyakosushi.main.jp/about.html,https://www.instagram.com/miyakozushi_sakae/,和食,はい,はい,無料,コロナに負けずに皆様で頑張りましょう！！,特上寿司,3020,上寿司,2260,特選寿司,3780,,633,
4/24/2020 17:59:26,新規登録,タイ料理トムヤムくん,栄区,小菅ヶ谷1-1-1,市営本郷台住宅1階,35.3671592,139.5464574,"35.3671592,139.5464574",454107941,本郷台駅,11:30?15:00（L.O.14:30）、17:30?20:00（L.O.19:30）事前電話注文可,月曜日,https://tabelog.com/kanagawa/A1401/A140309/14072311/,https://m.facebook.com/pg/タイ料理-トムヤムくん-1879618255673607/posts/,タイ料理、エスニック,はい,いいえ,,殆どの店内メニューをテイクアウト可能です。事前にお電話でオーダーしてから取りに来て頂くことも可能です。,,,,,,,,141,
5/1/2020 17:28:00,新規登録,横浜みなみ生活クラブ生協　港南センター,港南区,港南台7-52-4,,35.375825,139.5893235,"35.3758250,139.5893235",120371902,洋光台駅,生協の宅配です。ご加入の手続きをし組合員になると、一週間に一回、決まった曜日・時間に配達されます。,"土曜日, 日曜日",https://kanagawa.seikatsuclub.coop/,,食材から生活雑貨まで取り揃えています,いいえ,はい,出資金1000円/月・その他、必要経費についてはお住まいの区やお子様の年齢等で違いがあります。詳細はお問合せください。,生活クラブ生協は、安心安全を最優先にした宅配生協です。調味料はじめ、ほとんどの食材がオリジナル。厳選された品物をご自宅で手軽にお買い物できます。,①生鮮食品,,②青果類,,③冷凍食品,,"④日配品⑤調味料⑥生活雑貨等
食材から生活雑貨までご注文いただけるため、実際の価格はWebカタログをご覧ください。https://shop.seikatsuclub.coop/eclub_top.html",346,
5/5/2020 15:35:54,update,MAHALO cafe,磯子区,洋光台3-13-9,,35.37947,139.595171,"35.379470, 139.595171",,洋光台駅,朝10時?夜6時まで受付,定休日なし,https://r.gnavi.co.jp/ajc1mcew0000/,,ハワイアン、アメリカン料理,はい,いいえ,,ナチュラルな食材を使用した手作りのハワイアン料理,牛100%ロコモコ,1026,モチコチキンプレート,972,MAHALOプレート,1458,"ローストビーフ丼　1026円
アヒポキ丼　1026円
チキンオーバーライス　1026円
ガーリックシュリンププレート　1026円
グリルチキンサンド　950円
ハワイアンチャウメン  972円",178,変更
5/8/2020 20:44:22,新規登録,洋光台バル　Amu,磯子区,洋光台3-23-32,,35.38322,139.596801,"35.383220,139.596801",458353251,洋光台,テイクアウトは17時?20時（それ以外の時間は応相談）,火曜日,https://amu-2014.com,https://www.instagram.com/yokodai.amu_newaccount/,洋食,はい,いいえ,,"6年前の開店時よりオードブルやテイクアウトをやってます。
都内レストランで料理長やっていた店主が腕をふるって、
たくさんの方にご利用いただいています。
詳しくはホームページ等をご覧ください。
ご不明な点はお電話にて承ります。",おまかせオードブル32cm6マス,4400,おまかせオードブル38cm6マス,6600,,,,560,
5/6/2020 15:17:09,新規登録,海鮮屋　だるま商店　杉田店,磯子区,杉田１丁目１９?１０,,35.383984,139.616776,"35.383984,139.616776",453678408,杉田駅,17：00～20：00,不定休,https://r.goope.jp/darumasuisan,https://www.instagram.com/seafood_daruma_sugita/,寿司、海鮮丼、焼鳥、唐揚げ等,はい,いいえ,,"TAKEOUT再開させていただきました。
京急杉田駅より徒歩1分、お仕事帰りにお持ち帰りいただけます。
お電話にてお時間をご指定いただければ、お待たせすることなくご用意させていただきます。
その他メニューもご予算に応じてご提供させていただきます。
お気軽にお電話にてお問合せください。? 045-367-8408",海鮮丼,842,バラちらし丼,788,刺身盛合せ　1人前,1382,焼鳥盛合せ　5本　670円　等,493,
5/8/2020 12:18:38,新規登録,にこにこ弁当（ヒカリフーズ）,港南区,野庭町951,,35.389084,139.576887,"35.389084,139.576887",458421552,港南台駅、上永谷駅、上大岡駅、,テイクアウトは11時～15時（日曜祝日は除く）,日曜日,https://goo.gl/maps/fTnPJc8MJsnW49Yz9,,お弁当,はい,いいえ,,"テイクアウト弁当は、お魚メイン・お肉メインの２種類をご用意！
新鮮な魚の味をそのまま活かしたおかずは絶品。お肉はボリュームたっぷりです！
朝、市場で仕入れた魚のお刺身やお惣菜も店頭にて販売しています。
ぜひ一度お越しください(^▽^)/",A　お魚弁当,500,B　お肉弁当,500,魚のカマ焼き,300,,549,
4/24/2020 19:20:16,新規登録,寿司・鰻・天婦羅～奴～,磯子区,森3-3-17,森町分譲共同ビル1F,35.394329,139.614789,"35.394329, 139.614789",457535333,屏風浦駅,デリバリーは19時30分まで、ランチタイム専用メニューは平日のみ(11時～14時30分),定休日なし,https://www.yakko-zushi.co.jp,,和食,はい,はい,ランチ専用メニューのみ、１配達200円(税別)かかります,40年以上続けてきた地元の味を是非ご賞味下さい。デリバリー範囲は磯子区内はどこでもご利用頂けます。磯子区外は店との距離が近い場合もありますので、ご相談下さい。,ばらちらし,2100,うな重(松),3200,うなぎの半蒲焼き(テイクアウト限定),1000,大海老天重、1700円他多数ご利用頂けます。,142,
5/1/2020 7:00:36,新規登録,トリゴコロ,港南区,丸山台1-13-1,ラポルト上永谷1F,35.3982421,139.575008,"35.3982421,139.575008",458447575,上永谷駅,月~金曜11:00~19:00　土曜11:00~15:00,日曜日,https://torigocoro.owst.jp/,https://twitter.com/torigokoro,お弁当,はい,はい,南区・港南区・栄区の会社様やお店様等事業所限定。1食につきプラス20円。,"当店は、こんなご時世だからこそ、安心・安全・ヘルシーで健康的な、管理栄養士が考えた日替わり弁当(380円～)のテイクアウトをスタートしました。
他にも、横浜市の揚げ物の大会で一位になった「黒からあげ」のお弁当や、からあげの単品販売もしておりますので、機会があればぜひよろしくお願い致します！",ヘルシー日替わり弁当,380,デラックス日替わり弁当,480,黒からあげ弁当,550,,315,
5/6/2020 18:25:42,新規登録,古屋,港南区,野庭町278,,35.398462,139.573265,"35.398462, 139.573265",458466077,横浜市営地下鉄　上永谷駅,1品につき折箱代50円(税別)をいただきます。一部お持ち帰りいただけないメニューがございます。,水曜日,,https://www.facebook.com/orenoryouri.orenoaji.furuya,和食,はい,いいえ,,2018年開店、俺の料理　俺の味「古屋」です。すし職人の店主が握る鮨はもちろん、天ぷらや鯵フライ、煮物などの一品料理にも自信があります！皆様のご来店をお待ちしております。,特上鮨,1382,天丼,950,海鮮丼,1166,"上鮨1,166円、まぐろ鮨842円、鉄火丼842円、海老天丼1,166円、鯵の蒲焼丼842円、まぐろソテー丼842円",501,
4/22/2020 16:48:39,新規登録,カラオケダイニング　ブラッサム,戸塚区,戸塚町4790-1,森ビル1階,35.4020389,139.5306768,"35.4020389, 139.5306768",,戸塚駅,"テイクアウト12時?20時(なくなり次第終了)
デリバリーは近日中にスタート。",日曜日,,,カレー,はい,はい,100,,トロトロ柔らか牛すじカレー,500,スパイスが効いた牛たんカレー,800,,,,31,
5/12/2020 11:57:46,新規登録,日本料理 温石,戸塚区,鳥が丘16-3,,35.415834,139.523086,"35.415834,139.523086",458810343,踊場,"仕出し料理（宅配）の配達は午前11時から午後6時まで。
ご注文はなるべく3日前までにお願いします。",水曜日,http://onseki.in.coocan.jp/wp/,,和食,いいえ,はい,無料です。,"横浜戸塚で創業80年、地域の皆様からご愛顧いただいております。

ご結納、新築祝、内祝（七五三、お節句）などのお祝い事。
ご法事、精進落としなどの法事、お茶席、その他のお集まりやご会合に。
仕出し料理や高級弁当をお届けいたします。

宅配は横浜市戸塚区、泉区、瀬谷区、旭区、栄区、保土ヶ谷区、港南区を中心に承っております（地域により一部お値段制限あり）
目的ご予算に応じて各種メニューを取り揃えています。

毎年10月からおせち料理のご予約も承っております。

ご注文は2名様以上でお願い致します。",四季弁当,2700,松花堂料理,3240,箱膳料理,5400,"上記以外にも各料理は目的ご予算により内容を調整いたします。

四季弁当（2700円?4320円）
松花堂料理（3240円?8100円）
箱膳料理（4320円～6480円）
大名膳料理（8640円?12960円）
上棟式用鯛折詰セット（4320円?5400円）
おせち料理（24000円・35000円）

詳しくはお電話いただくか、ホームページをご覧ください。
ぜひお気軽にご相談ください。",592,
5/5/2020 8:47:18,update,うどんの伊之助,南区,通町4?117,,35.42325,139.601692,"35.423250, 139.601692",457157587,市営地下鉄弘明寺,11時開店　18時30分までご注文受付いたしております。,水曜日,http://inosuke.main.jp,,丼,はい,いいえ,,テイクアウトどんぶりをお持ち帰り特別価格でご提供中です。皆様のご利用を心よりお待ちいたしております。,天丼,880,野菜天丼,550,玉子丼,550,,434,変更
4/24/2020 17:18:33,新規登録,おにぎり弁慶,南区,東蒔田町１０ー２,,35.4311638,139.6165038,"35.4311638, 139.6165038",457139080,横浜市営地下鉄　吉野町駅,テイクアウト　７:００?１８:００,月曜日,http://onigiri-benkei.com/,http://onigiri-benkei.com/,おにぎり,はい,はい,横浜市内１００００円以上のご注文のみで配達いたします。（無料）,"横浜で４０年の味。おにぎり専門店として営業してまいりました。
うまい米、うまい具材を、ひとつひとつ心を込めてむすんでおります。
店舗では、ご注文をいただいてからお作りしており、ほっこりあたたかいおむすびをお持ち帰りいただいております。",店内で焼いて、荒ほぐしにした紅鮭のおにぎり,180,横浜杉田の梅を当店で漬けています。杉田梅おにぎり,180,当店仕込みの味噌を使用　味噌大根おにぎり,170,具材の種類は、３０種類　玄米おにぎり　おこわおにぎりと豊富なラインナップでお待ちしております。,136,
5/4/2020 14:38:38,update,かに愛知屋,中区,伊勢佐木町7-156,愛知屋ビル,35.4377,139.6224,"35.4377, 139.6224",452514163,坂東橋　黄金町,デリバリーは前々日までのご注文です。テイクアウトは１２時～２０時までです。,不定休,http://www.kaniaichiya.com,,かに料理,はい,はい,ヤマト運輸の料金,創業　明治３５年　世界１のカニ料理をご堪能下さい。,中たらばかに足ゆで,11880,かに甲羅焼,2160,かに春巻き,2160,,395,変更
4/25/2020 2:35:45,新規登録,かばのおうどん 横浜元町本店,中区,山下町276-2,,35.439799,139.645061,"35.439799, 139.645061",456515480,石川町駅,テイクアウト・デリバリーともに11時?20時（臨時営業時間）,火曜日,https://kaba-oudon.com/,https://twitter.com/kabanooudon,そば・うどん,はい,はい,Uber EATSまたは出前館の規定によります,横浜おうどんを広めるべく挑戦中！コシの強い麺と作り置きしない天ぷら・串揚げで、新しい美味しさを発見できます。,肉汁おうどん,1080,うま辛チゲおうどん,1380,かしわ野菜天スペシャル,1440,"テイクアウトは店内商品のほとんどをお持ち帰り出来ます。
またこの表に記載のメニューはデリバリー料金となっており、テイクアウト料金＆店内料金とは異なります。",150,
5/8/2020 9:00:30,新規登録,インドダイニング　サティ―,中区,富士見町2-1,東亜ビル1階,35.439858,139.633038,"35.439858,139.633038",452618994,伊勢佐木町駅,デリバリー/テイクアウト共に11:00～22:00,定休日なし,https://tabelog.com/kanagawa/A1401/A140104/14030738/,,カレー,はい,はい,Uberをご確認下さい,当店のカレーは横浜NO1　お弁当ナン/ライス選べます,バターチキンカレーセット,1100,キーマカレーセット,1000,チキンカレーセット,1000,,541,
5/3/2020 21:45:06,update,Cafe Jack in the Box,瀬谷区,阿久和南4-12-6,じゃんぼ洗車センター敷地内,35.441697,139.50095,"35.441697, 139.500950",454425557,弥生台駅,平日11:00?20:00（L.O.19:30）,"土曜日, 日曜日",https://cafejb.com/,https://twitter.com/Cafe_Joren,ハンバーガー、オムライス、日替わり弁当,はい,いいえ,,"テイクアウトで、手作りハンバーガーやオムライス、日替わり弁当があります。旧
CafeJoren<https://cafejb.com>から移転いたしました。テラス席あり。セルフ洗車もできるじゃんぼ洗車センター阿久和店敷地内にあります。（かまくらみち沿い）よろしくお願いいたします。",手作りハン バーガー（ハ ンバーガー・ テリヤキチキ ン・ホットチ リチキン）,650,オムライス,800,日替わり弁当,700,,61,変更
5/8/2020 14:18:37,新規登録,東林,中区,山下町２２１,,35.441957,139.643886,"35.441957, 139.643886",452018255,石川町,11：30~19:30,"火曜日, 不定休",https://www.chinatown.or.jp/shop/%E6%9D%B1%E6%9E%97/,,中華,はい,いいえ,,"食材の持ち味を活かし体に優しい料理をお出ししています。　
メニューによってはお持ち帰りできないものもございますので
お気軽にお問い合わせください。
水曜日は14時までの営業となります。",,,,,,,,553,
4/22/2020 17:24:11,新規登録,スペインバスク料理ビオッツア,中区,長者町5-85,三共横浜ビル１F,35.44223,139.632266,"35.442230, 139.632266",453153393,伊勢佐木長者町駅,テイクアウトは月火曜日を除く12:00から20：00（受付時間11：30～19：30）,"月曜日, 火曜日",https://bihotza0453153393.wixsite.com/bihotza,https://www.facebook.com/jatetxea.bihotza/  ,洋食,はい,はい,"5,000円以上ご購入の方のみ。
店舗から自転車10分（1キロ圏内）300円、それ以上（車使用　500円から800円）","本場で修業したオーナーが作る横浜では唯一のバスク料理を中心としたレストランです。バスク風あさりご飯、イカのスミ煮、バスクチーズケーキなど本場仕込みのお料理が大好評です！　デリバリーは5,000円以上お買い上げいただいた方限定とさせていただきます。
配達にかかる時間によって送料300～800円頂いております。　詳しくは電話にてお気軽にご連絡ください。",イカのスミ煮,1404,あさりご飯(2人前）,3024,バスク風チーズケーキ,648,"＝お得なセットメニュー＝ 
★お食事セット　8100　(2～3人前) 
ピンチョス＋前菜＋魚介メイン＋お肉＋ご飯がセット。  

★お肉盛り合わせ　6,480（2～3人前） 
パテ、豚肉、牛肉、カモ肉、フライドポテトがセット。
 
★おつまみセット　５,400（2～3人前） 
ピンチョス、前菜などの盛り合わせ。 

＝アラカルト＝ 

☆前菜盛り合わせ　人数×972

 ☆生ハム、腸詰盛り合わせ　S864、M1620、L2700 

☆スペイン風オムレツ　486
 
☆スペインポテトサラダ（ロシアンサラダ）648

☆ポテトフライ　Wソース付き　648 

☆マイワシのマリネ　972 

☆スペイン風モツ煮込み　　972

☆ミートボールのアーモンド煮込み　　1296 

☆子羊の煮込み（チリンドロンソース)　1620 

☆白身魚のサルサベルデ　　　　　　　1512 

☆牛ほほ肉の赤ワイン煮込み　　2268

☆スペイン産ガリシア栗豚ローストポーク　フライドポテト付き　1728 

☆NZ産のオーガニックビーフローストビーフ　フライドポテト付き　2700 

☆エビとイカの炊き込みご飯　2人前/2808

☆キノコと鶏肉の炊き込みご飯　2人前/2592",35,
5/12/2020 18:03:59,新規登録,菜香新館,中区,山下町192,,35.4430991,139.6462115,"35.4430991,139.6462115",5031962794,元町・中華街駅、石川町駅,デリバリーとテイクアウト共に、受付時間は10:30?18:00、引取時間は11:30?18:30。,火曜日,http://www.saikoh-shinkan.com/,https://www.facebook.com/saikoh.shinkan/,中華,はい,はい,自社デリバリーは配達料無料。料理宅配業者経由は各事業者の設定に準拠。,"飲茶から広東名菜まで中国料理の神髄を満喫できる広東料理店。
横浜中華街で30年以上愛され続けています。
自社デリバリーと横浜出前クラブは、中区、西区、南区の一部に配達可能。横浜ニューポートは、中区、西区、神奈川区の一部に配達可能です。",菜香ランチBOX（1～2名用）,2500,和牛角煮ご飯,1500,五目焼きそば,1000,「麻辣麻婆豆腐」「1000」「手作り点心2種セット（海老のウエハース巻揚げ2本＆干し貝柱入り焼売2個）」「990」「菜香点心BOX（2～3名用）」「4000」「菜香料理BOX（3～4名用）」「5000」「海老のマヨネーズ和え（8匹）」「1800」「海老のチリソース炒め」「1800」「さいまき海老の香港風オリーブ炒め」「1800」「菜香よだれ鶏（小）」「1300」,614,
4/23/2020 13:35:57,新規登録,SALONE2007,中区,山下町36-1,バーニーズニューヨーク横浜店B1F,35.443316,139.651021,"35.443316, 139.651021",456230113,元町・中華街,12:00～19:30（L.O）,定休日なし,http://www.salone2007.com/,https://www.instagram.com/salone2007yokohama/,洋食,はい,いいえ,,"始まりは2007年、横浜中華街の路地裏にオープンした20席の小さなリストランテ。2014 年に現在のバーニーズ ニューヨーク横浜店に移転。
パスタワールドチャンピオンシップで優勝した弓削啓太シェフと本場イタリアで修業した青木シェフがスキルを詰め込んだ魅力ある料理を展開しています。",ディナーセット（仔羊or豚肉、パスタアルフォルノ）,2160,【生パスタ】アニョロッティダルプリン（特製コンソメ付き）,1728,オーダーメイド（2名様～）,10800,"パスタソース3種2,160円/2種1,620円、【限定】手打ちパスタのラザーニャ1,620円",73,
4/22/2020 18:27:15,新規登録,AQUILA VOLANS(アクイラ・ウォランス),中区,山下町２０４－１,ダイワロイネットホテル横浜公園２Ｆ,35.443446,139.642075,"35.443446,139.642075",452644215,関内・石川町・日本大通り駅,平日11:30から売り切れるまで,日曜日,https://www.al-tair.co.jp,https://www.facebook.com/aquilavolans/,洋食,はい,はい,無料(店舗周辺エリア・要相談),"テーマは、『会社や家でも、楽しいランチ』
レストランは、生活の一部として、仕事や家庭で起こる色々な出来事の中で、美味しいものを食べて、笑いながら仲間や家族と話し、『さぁ～今日（明日）も頑張ろう』と思ってもらえる場所だと思ってます。
昨今の情勢の中で、
『楽しいはずのランチタイム・息抜きの為のランチタイム』
が、なかなか思うように出来ないという声を聞きます。
学校が休み…在宅勤務…自粛…仕事には来たけど外出禁止…
ストレスも溜まる！！息も抜けない！！たまには、母親も少し休みたい！！会社の中でも美味しくて楽しいランチにしたい！！
安心してください。
私達、例えレストランの外だとしても頑張ります。",シェフのおまかせ弁当,600,まかない弁当,600,ピッツァ・マルゲリータ,800,おすすめピッツァ(1000),41,
4/25/2020 18:32:16,新規登録,重慶飯店新館レストラン(ローズホテル横浜内1階),中区,山下町77番地,ローズホテル横浜内1階,35.444199,139.646959,"35.444199,139.646959",456816885,元町中華街駅（みなとみらい線）,11:30～14:00(ラストオーダー)、17:30～19:00(ラストオーダー),定休日なし,http://www.rosehotelyokohama.com/,https://ja-jp.facebook.com/Chungking.Jukeihanten/,中華,はい,いいえ,,"重慶飯店は、四川料理の老舗として1959年に創業。
本場の伝統を受け継いだ味わい深い本格四川料理をご堪能下さい。",麻婆豆腐,1404,エビのチリソース(干焼蝦仁),2808,五目入りチャーハン(什錦炒飯),1080,"エビの塩味炒め(2,808円)、エビのマヨネーズソース(2,808円)、エビの唐辛子炒め(2,808円)、ホタテの塩味炒め(3,456円)、ホタテのXO醤油炒め(3,456円)、モンゴイカの塩味炒め(2,376円)、モンゴイカのオイスターソース炒め(2,376円)、モンゴイカの唐辛子炒め(2,376円)、大海老・ホタテ・イカの塩味炒め(3,780円)、大海老・ホタテ・イカの唐辛子炒め(3,780円)、大海老・ホタテ・イカのXOソース炒め(3,780円)、鶏肉の唐辛子炒め(2,376円)、鶏肉のカシューナッツ炒め(2,376円)、黒酢 スブタ(2,268円)、豚バラ肉とキャベツの辛し味噌炒め(2,268円)、ザーサイと豚肉の細切り炒め(1,944円)、牛肉の細切りと三色ピーマンの炒め(2,592円)、牛肉と野菜の辛しニンニク炒め(2,592円)、五目うま煮(1,944円)、五目野菜の塩味炒め(1,728円)、五目野菜のオイスターソース炒め(1,728円)、五目野菜のニンニク炒め(1,728円)、茄子と挽き肉のニンニク辛し煮(1,728円)、海老と鶏肉入りXO醤チャーハン(1,188円)、蟹肉入りチャーハン(1,296円)、特製醤油風味 焼きそば(1,080円)、五目入り焼きビーフン(1,296円)",165,
4/26/2020 11:57:25,新規登録,焼肉BEEFMAN横浜関内店,中区,相生町2-31,相生町中央ビルＢ１,35.4465873,139.6384517,"35.4465873,139.6384517",459002990,関内駅,デリバリー10時～20時、テイクアウト10時～20時,定休日なし,http://yokohamabay-beefman.com,https://www.facebook.com/yokohama.beefman.ykn/,焼肉,はい,はい,基本ウーバーイーツによる配達となります。,"JR関内駅北口より徒歩5分
厳選された最高級の神戸BEEFを兵庫県川岸牧場より直送していただいております。
焼肉BEEFMANでは、お電話1本でご希望のお時間にお渡しできるようお持ち帰りの
メニューをご用意しております。
また、UberEatsによる、デリバリーも行っております。UberEatsのアプリ、または
WebのUberEatsサイトで【ビーフマン横浜】で検索してください！",神戸牛焼肉弁当,1595,神戸牛極上カルビ弁当,2750,神戸牛ビーフマンカレー弁当,1320,,183,
4/28/2020 17:09:32,新規登録,和食居酒屋花まる,中区,太田町２－３２－１,ビラアペックス1階,35.44731734,139.6385787,"35.44731733603356,139.6385787330012",456635778,JR関内駅、みなとみらい線馬車道駅,11時から19時まで,日曜日,https://hanamaru-870.gorp.jp/,https://amebro.jp/kannai-hanamaru/,和食,はい,はい,500ｍ圏内は無料です。現在エリア拡大を予定中です！！,"21歳の8年前からこのお店に入店。4年前に店舗を買い取り独立。
ぼくの師匠はお客様です！旬のものはもちろん神奈川地魚と十勝牛を中心と
したメニューです。現在は刺身は使えないテイクアウトですが
手づくりのお惣菜やお弁当、そして得意のおつまみたちで皆様な食卓を
豊かにしていきたいです！
想像もしなかった事態ですが、このようなテイクアウトでまた新しい挑戦が
できることを本当に楽しんでいます！ぜひよろしくお願いします！",免疫力アップ　豆富ハンバーグとサバ竜田弁当,900,豚キム炒めとガーリック唐揚げ弁当,900,選べるおつまみ盛り会わせ,1280,十勝牛すじ煮込み　600,266,
4/28/2020 14:58:11,新規登録,鳥芳,中区,野毛町1-24,,35.4476743,139.6305271,"35.4476743,139.6305271",452315642,桜木町,テイクアウトは16時～閉店時間まで。閉店時間が変更する事もありますので、お電話にてご確認をお願いします。,月曜日,https://tabelog.com/kanagawa/A1401/A140102/14000545/,,焼鳥,はい,いいえ,,"創業60年の老舗焼鳥・串焼き屋です。
皆様がお家でも焼鳥を楽しんでいただけるよう今回特別にテイクアウトをやらせていただきます！
テイクアウト5％OFF",串焼き盛合せ5本,900,串焼き盛合せ10本　５種×2,1800,,,,258,
4/27/2020 17:21:09,新規登録,Passage d’or,中区,北仲通2-20,KCK馬車道ビル1階,35.448907,139.6398917,"35.4489070, 139.6398917",452985641,馬車道・日本大通り,"テイクアウト
11:30?14:00
月曜日
火曜日
水曜日
木曜日
金曜日
土曜日

17:00?19:00
火曜日
水曜日
木曜日
金曜日","日曜日, 不定休",,https://instagram.com/passage.dor2018?igshid=16efwqt9xuddz,洋食がメインですが、手作りパンや様々やっています。,はい,いいえ,,"当店では洋食をメインでやっています！
人気メニューは、キッシュやラザニア、オムライス
そして、“手作りパン”や”洋食お惣菜“など晩御飯や晩酌にいかがでしょうか？
横浜中央市場で 毎朝買い付けているので 新鮮です！
お子様向けのキッズセットもご用意しています。(※要予約)
1人前から販売可能です！
ご希望に合わせオードブルなどもお造り致します！！
コロナの影響もあり夜の営業はテイクアウトのみやっております。
是非お待ちしております。",キッシュ(1人前),400,日替わり 肉(例:ハンバーグ),760,オムライス,1000,"日替わり 魚(例:舌平目のムニエル)
790円",236,
4/23/2020 17:26:38,新規登録,花咲ブッチャーズストア,中区,花咲町2-69-6,末次ビル1F,35.449903,139.629535,"35.449903,139.629535",452503774,桜木町,テイクアウト：5月6日までは毎日ランチタイムのみ　11：30～15：00,定休日なし,https://tabelog.com/kanagawa/A1401/A140102/14065155/,https://www.instagram.com/hanasaki_butchers_store/?hl=ja,洋食,はい,はい,花咲町2丁目周辺のみお届けいたします。,肉塊ハンバーグや炭焼きステーキ等　お店で人気の商品をそのままお家でお召し上がりいただけます。　アルゼンチンＢＢＱの盛り合わせなどは夕食を彩ります！,ビーフ100％　肉塊ハンバーグ＆ライス,1000,牛ランプステーキ＆ライス,1200,ジャークチキン＆ライス,900,"ポークポルケッタ＆ライス　900
ステーキオムライス　1000
炭焼きステーキカレー　1,000
ジンジャーポークカレー　900
角煮カレー　1,000
牛すじ煮込みカレー　1,000
フライドチキンカレー　900",95,
4/28/2020 14:19:55,新規登録,一鳥二炭,中区,花咲町2-68-4,,35.4501499,139.6296088,"35.4501499,139.6296088",453410813,桜木町,テイクアウトは17時～閉店時間まで。営業時間が変わることもありますので、お電話にて確認をお願いします。,月曜日,,,焼鳥,はい,いいえ,,"毎日仕入れた美桜鶏を1本、1本串うちし、丹念に炭火で焼き上げた焼鳥は絶品です。
焼鳥以外もメニューもテイクアウト可能です！
テイクアウトは5％OFFになります。",お任せ串5本,864,やきとり丼,724,炭火炙りチャーシュー丼,778,"・レバー　　184
・皮　　　　162
・砂肝　　　173
・縁側　　　173
・ぼんじり　184
・なんこつ　205
・せせり　　205
・ねぎ間　　205
・手羽先　　216
・ささみ　　238
・つくね　　216
・丸ハツ　　216
・はつ元　　216
・白レバー　270

・シロ　　　162
・かしら　　205
・豚ねぎ　　238
・きつね巻　194
・アスパラ巻216
・トマト巻　216
・おもち巻　238
・椎茸　　　194
・ししとう　184
・銀杏　　　216
・いかだ　　205",252,
4/27/2020 15:39:20,新規登録,ＲＵＳＨ,保土ケ谷区,天王町２－３８－２,,35.454837,139.603732,"35.454837,139.603732",453345475,天王町,テイクアウト・デリバリーともに　11：30　～　21：00,定休日なし,http://www.zer0.co.jp/rush,https://www.facebook.com/Zero-Eats宅配お持ち帰り-114233560266226/,洋食,はい,はい,無料,"【地元の方なら皆さまご存じ！天王町『ＲＵＳＨ』のお料理をぜひご家庭で！】

宅配エリアは店舗から車で大体15分くらい
保土ケ谷区 / 西区 / 中区 / 神奈川区など
（一部対象外地域もあります）

デリバリーは2000円以上のご注文、現金でのお支払いをお願い致します。
テイクアウトはカードでのお支払いも可能です。

盛りつけの量や材料の変更なども御相談ください。

店舗の状況次第では、お届けまでに長く時間を頂いたり、配達をお断りさせて頂く場合がございます。

ご注文お待ちしております！",【１番人気！】ハヤシソースのオムライス,1100,【リピーター続出！】レモンクリームチキン,880,【自慢の自家製オニドレ！】グリーンサラダ,750,「ハンバーグとハヤシソースのロコモコ」　「1380」,230,
5/3/2020 17:15:19,新規登録,横浜フードデリバリー,保土ケ谷区,天王町3-38-2,,35.454899,139.603744,"35.454899, 139.603744",4531343322,天王町駅,デリバリー　9:00?19:00ごろ（最終注文受付17:00）,定休日なし,https://045fooddelivery.com,https://twitter.com/045fooddelivery,和洋中から焼肉、焼鳥、丼ものまで幅広くご用意しております。,いいえ,はい,配送料一律200円,横浜フードデリバリーは横浜市内のさまざまな飲食店の料理をご家庭やオフィスまでお届けします。休校やテレワークにより食事の用意などの負担が増えている方や、外出規制で外食できない中でのお祝い事などを満喫したい方など、食でお困りの方のさまざまなリクエストにお応えします。,あかりの自家製唐揚げ弁当,500,善珍楼の麻婆豆腐丼,880,01GRILLのキーマカレー,1200,"個室焼肉ITADAKIのカルビ・ロース弁当　1480円
オードブル　2480円",402,
4/24/2020 17:01:28,新規登録,ハードロックカフェ横浜,西区,みなとみらい２－３－１,クイーンズタワーＡ１階,35.455726,139.632939,"35.455726,139.632939",456825626,みなとみらい駅,テイクアウト・デリバリー：11時～17時まで,定休日なし,http://hardrockjapan.com/location/yokohama/,https://www.facebook.com/hardrockcafeyokohama/,ハンバーガー,はい,はい,"・デリバリーは2個以上の注文で店舗より1km以内（徒歩10分程度）に限り、配達も承ります。（5月6日まで配送料無料）
・デリバリーのお支払いは現金のみです。（テイクアウトは現金・各種クレジットカード可）
・各種割引の対象外とさせていただきます。
・今後の状況に応じ、営業時間は変更になる場合がございます。","お家で気軽にアメリカン！ボリューム満点のアメリカンテイストをご自宅、オフィスで。
自慢のバーガーをはじめ、フードアイテムのテイクアウト販売をスタート。",クラシックバーガー,800,チーズバーガー,900,ベーコンバーガー,900,"テリヤキバーガー　900円
アボカドバーガー　900円
ベーコンチーズバーガー　1000円
BBQチキン＆ピラフ　1000円
ロコモコ　1000円
パスタボロネーズ　1000円",134,
5/4/2020 0:58:56,新規登録,L'antica pizzeria da Michele Yokohama ,中区,新港2-14-1,横浜ハンマーヘッド２F,35.45611,139.64167,"35.45611,139.64167",452264770,馬車道,"デリバリー(NEW PORT)平日11:30～18:00
テイクアウト全日11:30～19:00(短縮営業期間)",定休日なし,https://yokohama.damichele.jp/,https://www.instagram.com/da_michele_yokohama/,ピザ,はい,はい,"横浜ハンマーヘッド5/10?まで配送料無料(NEW PORT利用)
通常5000円以下送料500円(NEW PORT利用)",イタリア・ナポリで150年愛され続ける伝統の味を日本で！そしてご自宅で！！伝統の味を再現すべく、ピッツァの素材となる小麦粉・トマト・チーズ・オイル、そしてピッツァ窯までもイタリア・ナポリから直送。ナポリ本店で研修を受けたピッツァイオーロ(ピッツァ職人)が本場の味を忠実に再現する。世界各地に展開しているdaMichele。しかし、本店ピッツァイオーロは口々にGiappone(日本)が一番忠実だと答える。本場の味を是非ご自宅でも堪能して下さい！,ダミケーレBOX,4800,マルゲリータBOX,3500,マリナーラBOX,3200,,418,
4/27/2020 17:24:16,新規登録,トラットリア　ビコローレ　ヨコハマ,西区,平沼１－４０－１７,モンテベルデ横浜１０１,35.461679,139.619583,"35.461679, 139.619583",453120553,横浜駅,"テイクアウト（お電話にて）
ご注文受付時間　11:00～19:00
お受取可能時間　12:00～15:00 17:30～20:00",月曜日,https://trattoriabicolore.wixsite.com/yokohama,https://www.facebook.com/BicoloreYokohama/,洋食,はい,いいえ,,横浜駅の東口より徒歩８分、喧噪を離れた住宅街にあるイタリアン、「トラットリア　ビコローレ　ヨコハマ」です。イタリアや日本全国から届く旬の食材をふんだんに使ったお料理とバラエティ豊かなイタリアワインで皆様の楽しい食卓を演出いたします。毎日新メニューが続出のテイクアウトメニューご期待ください！最新情報はホームページをご覧ください。,ビコローレBOX：　宮古島産黒糖蜜入り　和牛ホホ肉の赤ワイン煮込み　サフランライス　季節の野菜添え,2700,前菜盛合せ（１名様）,2160,ピッツァ（18.5㎝のスモールタイプ）：トマトソース＋チーズ＋バジリコ,864,パスタソース（真空・冷蔵）：トスカーナの伝統菓子パンフォルテ風味　和牛のラグー　￥1296,237,
4/24/2020 20:37:54,新規登録,DAIGOMI BURGER,西区,高島2-14-9,アソビル1F,35.463781,139.622011,"35.463781,139.622011",455949138,横浜駅直通,営業時間11:00?19:00(現在通常の営業時間とは異なります。状況により予告なく営業時間の短縮、休業になる場合もございます。あらかじめご了承ください。),"土曜日, 日曜日, 不定休",https://asobuild.com/shops/406/,https://www.facebook.com/daigomiburger/,ハンバーガー,はい,はい,デリバリーは Uber Eats にて承っております。,"南青山にチーズレストランを構える”チーズレストラン DAIGOMI によるグルメバーガー。
チーズ好きのための、チーズ好きによる、チーズにこだわったチーズバーガーをお楽しみいただけます。",チーズバーガー,1188,ダブルチーズバーガー,1782,フレンチフライ(クリスピータイプ),324,,145,
5/13/2020 13:02:34,新規登録,タコリブレ 横浜店,西区,南幸1-10-8,大信ビル1F,35.465188,139.619596,"35.465188,139.619596",456289939,横浜駅,"テイクアウト月?金（14時?20時)土日（12時?20時)
デリバリー（14時?20時)",定休日なし,https://tabelog.com/kanagawa/A1401/A140101/14056924/,https://m.facebook.com/tacolibre.yokohama/,メキシカン,はい,はい,Uber eats,コーントルティーヤを使用したタコスなど本格的メキシカンです！,タコス2P,1078,ワカモレ,968,チキンケサディーヤ,858,"ナチョス （792)
アボカドサラダ (572)
ビーフorポークのブリトー (1408)
チキンと骨付きフランクのファヒータ (2090)",635,
5/5/2020 12:58:50,新規登録,トラットリア　ロジック　横浜店,西区,北幸2-2-1,ハマボールイアス１F,35.4659065,139.6173042,35.4659065 139.6173042,452902066,横浜駅,テイクアウト11:00～19:00,不定休,https://www.hotpepper.jp/strJ000740440/,,洋食,はい,いいえ,,石窯焼のナポリピッツァが自慢です。ご自宅でもお店の味をぜひお召し上がりください。,マルゲリータ,1382,究極のマルゲリータDOC,2138,クアトロフォルマッジ,2138,"ピッツァは1,058円～。その他パスタなどもご用意しております。",460,
5/6/2020 13:15:29,新規登録,スペイン料理店　ラ・イベリカ　La Iberica,西区,北幸2-6-5,GEMS横浜3F,35.466684,139.61653,"35.466684,139.616530",456202156,横浜駅,ランチタイムのみ 11時～15時,定休日なし,https://iberica.owst.jp/,https://www.instagram.com/iberica1017/?hl=ja,洋食,はい,いいえ,,本格スペイン料理をお弁当に！是非ご自宅でいかがでしょうか,スペイン風唐揚げ弁当,500,鱈のコロッケ弁当,800,魚介のパエリア弁当,1000,,491,
4/27/2020 11:26:47,新規登録,ホルモン専門店 烈 本店,西区,北幸2-5-2,,35.467029,139.617558,"35.467029, 139.617558",452904129,横浜駅,"テイクアウト
［月?金］11:30?14:30・18:00～23:00
［土］11:30?14:30・17:00?23:00
［日］11:30?14:30・17:00?21:00
デリバリーは可能な場合もありますので、お問い合わせください。",定休日なし,https://www.nemo.co.jp/%E3%83%86%E3%82%A4%E3%82%AF%E3%82%A2%E3%82%A6%E3%83%88/,https://www.facebook.com/horumon.retsu/,焼肉弁当・焼肉・もつ鍋,はい,はい,近隣エリアはデリバリー可能な場合もありますのでお問い合わせください。,【テイクアウトWEB予約できます！】ホームページ、またはGoogleの烈のページよりホルモン専門店 烈の焼肉＆もつ鍋のご予約が可能です。ご自宅で本格的な焼肉＆もつ鍋をお召し上がりください。定休日無しで営業中！,ホルモン専門店のもつ鍋（２人前）,2700,カルビ弁当,1242,明太チーズスントゥブ（大辛／中辛／普通）,1058,その他のメニュー、豊富にご用意しておりますので、ホームページにてご確認ください。,209,
4/27/2020 15:06:04,新規登録,Tosaka-na Dining Gosso 横浜創業本店,神奈川区,鶴屋町2-23-4,,35.468287,139.621864,"35.468287,139.621864",456209990,横浜駅,11:30~20:00,定休日なし,https://tabelog.com/kanagawa/A1401/A140101/14049828/,https://www.instagram.com/gosso_yokohama/?hl=ja,丼物とやきとり、お惣菜など,はい,はい,3000円以上のご注文,1000度の最大火力で肉の旨味と油を最大に閉じ込めた焼き鳥は絶品！当店の一押しメニューを丼物化してご提供しております！夕飯のお供にお惣菜や単品注文もできます！レアなお酒の量り売りも大好評実施中！お好きなお酒を一合単位で気軽にお得に買えちゃいます！,おまかせ焼鳥5本丼,1000,塩麹のチキン南蛮丼,800,おまかせおかずセット,1200,"おまかせ焼鳥3本丼　800
特上おまかせ焼鳥7本丼　1200
おまかせ焼鳥7本盛り　1000
お酒量り売り　1合800　2合1500
焼鳥各種　200～
山盛りサラダ　300
とり胸肉の串カツ　200
手羽先の南蛮揚げ　150
他にも単品注文お受けしております！",227,
5/13/2020 20:55:09,新規登録,M's Farm,神奈川区,鶴屋町2-22-3,伊藤ビル地下1階,35.4690828,139.6212661,"35.4690828,139.6212661",453145352,横浜,11時～20時、月曜～土曜,日曜日,https://www.ubereats.com/jp/yokohama/food-delivery/エムスファーム-msfarm/gS6YHejGQ1K3me_jhUqCdA,https://www.instagram.com/msfarm2010/p/BZyYIg2Awe2/,洋食,はい,いいえ,,よろしくお願いします！！！,,,,,,,,657,
5/12/2020 18:12:31,新規登録,Neptune,神奈川区,千若町2-1,,35.4730457,139.63977,"35.4730457,139.63977",454537182,京急東神奈川　　　jr東神奈川,テイクアウトは電話又はメールで対応,月曜日,http://www.seaside-bar.net,http://instagram.com/neptune.1994/,タコス、チョリソ、タコライス、他,はい,いいえ,,目の前はみなとみらいの夜景が一望。これからの季節はテラス席もあり、ソーシャルディスタンスも十分なスペースあります。,チーズナチョス,660,タコス2ピース,880,メキシカンピザ,1210,"チョリソ990,エビとブロッコリーアヒージョ880,チリコンカン770,スパイシーポテト660,チキンサラダ880,ソーセージ盛り合わせ1100,カマンベールオーブン焼き990,",615,
5/11/2020 13:50:05,新規登録,そば処　利喜庵,神奈川区,反町1丁目5-13,,35.4745839,139.6272219,"35.4745839,139.6272219",453202626,東急東横線　反町駅,昼の部　11:00~14:00　夜の部　17:00~20:00　ラストオーダー  19:30　日祝休み,日曜日,,,そば・うどん,はい,いいえ,,,,,,,,,,581,
4/23/2020 13:43:14,新規登録,NAGI COFFEE ,神奈川区,松本町3-22-8,ロイヤルドレイク103,35.475934,139.621518,"35.475934, 139.621518",455489175,反町駅、三ツ沢下町駅,テイクアウト営業7:30?17:00、デリバリーUber Eats10：00?16：30、火曜日定休,火曜日,https://www.nagicoffee.com/,https://www.facebook.com/nagicoffee/,具沢山サンドウィッチ、自家焙煎コーヒー、コーヒー豆,はい,はい,Uber eats配送規定による ※テイクアウト価格とは異なります,野菜がたっぷり食べられるサラダサンドウィッチのNAGI COFFEEです。小型焙煎機による長時間焙煎で丁寧に焼きあげた自家焙煎コーヒーもテイクアウトできます。店内では昔ながらのアルコールランプを使い、サイフォンで抽出しています。もちろんコーヒー豆販売もしていますよ。,アボカド野菜サンドハーフ(テイクアウト),490,ハム野菜サンドハーフ(テイクアウト),490,ドリンク  ナギブレンド(テイクアウト),350,コーヒー豆  ナギブレンド(200g)980円,74,
4/28/2020 14:32:30,新規登録,ぐるめ亭西谷店,旭区,西川島町1-10,,35.479195,139.559794,"35.479195, 139.559794",453726768,相鉄線西谷駅,お持ち帰り寿司・テイクアウト　GW期間中11：00～20：00　左記以外11：00～21：00,定休日なし,https://gurume-tei.com/,https://twitter.com/gurumetei_staff,寿司,はい,はい,宅配、配達料無料　詳しくは　https://gurumetei-demaebito.com/,"毎日魚河岸で新鮮鮮魚を目利き仕入れ。新鮮な魚介が食べられる人気回転寿司。
持ち帰り寿司ももちろん美味しい！地元の人に愛され続け20年！",春のにぎわい盛り1人前（4人前まであります）,1980,春の旬鮮盛り1人前（5人前まであります）,1780,創作寿司ぐるめ盛り1人前（5人前まであります）,1680,,255,
4/27/2020 11:58:35,新規登録,末廣園　有限会社末廣園鈴木商会,神奈川区,西神奈川3-9-1,,35.4864,139.6264,"35.4864,139.6264",454322492,東急東横線　白楽、東白楽,テイクアウト　火曜?日曜　11時半?14時　17時?19時45分,月曜日,https://suehiroen.com,https://www.instagram.com/suehiroen/,和食,はい,いいえ,,"六角橋で創業63年の和食店です。有名旅館などで修行した店主が市場で吟味した海鮮丼、愛知県産国産鰻を使った鰻重、大洗産の穴子天丼など色々取り揃えております。お値段は
756円?とてもリーズナブルです。",海鮮丼,1080,穴子天丼,864,鰻重　国産鰻1匹使用,3240,鰻丼　国産鰻半分使用　1944  カツ丼　756 天丼　864  牛スジカレー　864  その他一品料理も多数ご用意しております。,213,
4/27/2020 9:37:04,新規登録,TANOJI,神奈川区,子安台1-17-14,,35.4931785,139.6586906,"35.4931785,139.6586906",454230301,JR新子安　京急子安,デリバリー17時まで,不定休,http://tanoji.co.jp,,お弁当,はい,はい,,"ご自宅でのお祝い事、大切な友人やお客様へのギフトなど冠婚葬祭時のお弁当、オードブルのデリバリーを致します。
オシャレで洗練されたパッケージや女性むけに作られた商品の数々は
特別な日を演出するのにオススメです。",大山鶏の照り焼き重弁当　?葉わさびの香りで?　,1620,国産牛すき焼き重弁当,1944,BOWL弁当,896,,206,
5/10/2020 23:59:42,新規登録,Maggie's Kitchen マギーズキッチン,鶴見区,岸谷1-22-16,,35.4960478,139.6658864,"35.4960478,139.6658864",457100328,生麦,,"土曜日, 日曜日",https://maggieskitchen.owst.jp/ ,https://www.facebook.com/MaggiesKitchenYokohama/,中華,はい,いいえ,,,,,,,,,,574,
4/28/2020 14:19:45,新規登録,ぐるめ亭　鶴見岸谷店,鶴見区,岸谷2-21-7,,35.498603,139.662176,"35.498603, 139.662176",455802468,京急生麦駅,GW期間中　11：00～20：00　左記以外11：00～21：00,定休日なし,https://gurume-tei.com/,https://twitter.com/gurumetei_staff,寿司,はい,はい,配送料無料です。詳しくは　https://gurumetei-demaebito.com/,"毎日魚河岸で新鮮鮮魚を目利き仕入れ。新鮮な魚介が食べられる人気回転寿司。
持ち帰り寿司ももちろん美味しい！地元の人に愛され続け20年！出前宅配もやっています。",春のにぎわい盛り　1人前（4人前まであります）,1980,春の旬鮮盛り1人前（5人前まであります）,1680,ぐるめ盛り　1人前（5人前まであります）,1680,,251,
5/13/2020 17:23:06,新規登録,イタリアンキッチンNavita,鶴見区,下野谷町2-78-8,クレッセントワタナベ１階,35.498822,139.680971,"35.498822,139.680971",458345995,鶴見小野,テイクアウトのみ　水曜～日曜（16:30～19:30）、土日祝日（11:30～13:00）,"月曜日, 火曜日",https://www.navita2019.jp/,https://www.instagram.com/_navita0819/,ピザ,はい,いいえ,,"ピザやペンネの他、日替り数量限定の一品料理やおつまみセットもございます！
最新情報はインスタグラムをご覧ください！",マルゲリータピザ,880,ペンネ　ミートソース,980,前菜おつまみセット,1000,その他、ピザ４種類（￥880~980）ペンネ２種類（￥880~950）単品メニュー（￥660~）,643,
5/8/2020 21:19:10,新規登録,新鮮地鶏と旨い酒　とりこ,鶴見区,豊岡町　２０－１１,エスタシオン　１Ｆ,35.510241,139.674803,"35.510241,139.674803",457177897,JR鶴見駅,テイクアウトは15時～20時まで。,不定休,https://toriko-tsurumi.gorp.jp,https://www.instagram.com/toriko_tsurumi,焼鶏・地鶏料理,はい,いいえ,,産地直送の新鮮な鹿児島県産地鶏が自慢です！お店では焼肉スタイルで熱々でジューシーな地鶏を召し上がれます。お客様のご要望にお応えして、ついにお持ち帰りを始めました！オーダーいただいてから焼き上げますので焼きたての美味しい焼鳥がお楽しみいただけます！店主お手製の「白レバーのパテ」も大人気！お時間指定のご予約も承っております。お気軽にお問い合わせください！,地鶏焼盛り,1000,白レバーのパテ,560,地鶏のコロッケ,620,その他店内メニューもテイクアウトＯＫ！,561,
4/30/2020 9:56:44,新規登録,とろけるハンバーグ福よし中山駅前店,緑区,寺山町89-5,センチュリーモア1階,35.513667,139.539805,"35.513667,139539805",455076889,中山駅,テイクアウト　11：00-15：00　17：00-20：00（緊急事態宣言中）通常時は22：00,定休日なし,https://fukuyoshi-nakayamaekimaeten.owst.jp/,https://www.facebook.com/torokeru.nkym/,洋食,はい,いいえ,,素材にもこだわった「とろけるハンバーグ」は、小麦粉・卵・パン粉などの「つなぎ」を一切つかわず、国産牛の赤身を粗挽きすることで、お肉の荒々しさと食べる満足感を出し、黒毛和牛脂を細挽きにすることで、滑らかな舌触りと甘さ（旨味）を引き出しています。アレルギーを持っている子供も安心して食べれるのも嬉しいポイントの1つです。,ハンバーグ弁当,1080,ハラミステーキ弁当,1296,,,,290,
4/28/2020 14:27:17,新規登録,ぐるめ亭霧が丘店,緑区,霧が丘2-16-2,,35.51444,139.497937,"35.514440, 139.497937",459224388,JR横浜線　十日市場駅,お持ち帰り寿司・テイクアウト　GW期間中11：00～20：00　左記以外11：00～20：00,不定休,https://gurume-tei.com/,https://twitter.com/gurumetei_staff,寿司,はい,いいえ,,"毎日魚河岸で新鮮鮮魚を目利き仕入れ。新鮮な魚介が食べられる人気回転寿司。
持ち帰り寿司ももちろん美味しい！地元の人に愛され続け20年！",春のにぎわい盛り1人前（4人前まであります）,1980,春の旬鮮盛り1人前（5人前まであります）,1780,創作寿司ぐるめ盛り1人前（5人前まであります）,1680,,253,
4/28/2020 14:13:25,新規登録,ぐるめ寿司鶴見市場店,鶴見区,市場大和町4-1,,35.516632,139.687322,"35.516632, 139.687322",455042828,京急鶴見市場駅,お持ち帰り寿司・テイクアウト　全日11：00～21：00,定休日なし,http://www.gurume-zusi.com/,https://twitter.com/gurumezushi,寿司,はい,いいえ,,"毎日魚河岸で新鮮鮮魚を目利き仕入れ。新鮮な魚介が食べられる人気回転寿司。
持ち帰り寿司ももちろん美味しい！地元の人に愛され続け30年！",人気ナンバーワン　ぐるめ盛り,1050,ご家族皆さんで！　満足3人前,3240,12貫1本ボリューム満点　まんぷく盛り,1296,,250,
5/13/2020 18:03:30,新規登録,アサドール ケリコ,港北区,大倉山1-15-17,第二リベルテ大倉山１F,35.52015449,139.630755,"35.52015449,139.63075501",457176620,大倉山駅,テイクアウト　12:00?18:00　（30分前?　要事前予約）,不定休,http://asador-querico.com,https://www.instagram.com/asadorquerico/,フレンチ　アサドール ,はい,いいえ,,作り置きなし、なるべくお店の味を生かしたフレンチです、みんなでもひとりでもケリコBOX 当日ご用意できる料理と アラカルトメニューご用意いたします。,ケリコBOX 1名様分 4品目とガリシアサンド,3240,ケリコBOX 2~3名様分 8品目とガリシアサンド,5400,ガリシアサンド,1290,アラカルトメニューは日替わり　￥1380?,649,
5/3/2020 15:42:12,新規登録,綱島ワインバルGato Negro,港北区,綱島西1-7-15,日生第二ビル地下1階,35.5368,139.6338,"35.5368,139.6338",455176256,綱島駅西口徒歩1分,テイクアウトは16時?21時 デリバリーは18時?21時（綱島駅より半径3km範囲のみ) 月曜日定休,月曜日,,https://m.facebook.com/wine.bar.GatoNegro/,洋食,はい,はい,無料,海外で4年以上修行したシェフのフレンチ&ワインのおつまみオードブル♪,前菜②つ＋魚介のペスカトーレor牛シンタマのせガーリックライス,1500,前菜おまかせオードブル,1200,,,,400,
5/3/2020 14:55:50,新規登録,ジョルニカフェ玄,青葉区,しらとり台２－７３,クオーレ１０１,35.538774,139.516575,"35.538774,139.516575",455147986,青葉台,テイクアウトは11時～19時（定休日：日曜日、祝日、第三月曜日）,日曜日,,,カレー,はい,いいえ,,横浜・地産地消サポート店です。大葉薫るカレーライス「青葉台カレー」をはじめとする各種カレーライスや、淡路島ぬーどるを使用した「ナポリンタンぬーどる」などをお召し上がりください。,青葉台カレー,900,オムカレ,900,ナポリンタンぬーどる,800,"キーマカレー（950円）,豆腐カレーライス（750円）,ミートソースぬーどる(800円）など",397,
5/8/2020 9:50:45,新規登録,横浜家系らーめん魂心家 青葉台,青葉区,青葉台２‐５‐１７,木村ビル１Ｆ,35.542614,139.515544,"35.542614, 139.515544",459811222,青葉台駅,4月29日(水)～当面の間24:00　営業時間内,定休日なし,http://www.konshinya.com/,https://twitter.com/konshinya178,ラーメン,はい,いいえ,,"ご自宅でも魂心家の味を！ご要望にお応えして、魂心家青葉台の店舗で期間限定テイクアウトを始めました??
券売機でご購入後、スタッフへ「テイクアウト」で、とお申し付けください。",らーめん(醤油・塩),700,魂心らーめん(醤油・塩),820,濃魂つけ麺,800,,543,
5/3/2020 15:03:07,新規登録,生タピオカ専門店トマリギ センター南店,都筑区,茅ヶ崎中央21-12,森村ビル1階,35.5427597,139.5718263,"35.5427597, 139.5718263",,センター南駅,テイクアウトのみで13時~19時,不定休,https://tapioca-tomarigi.com/,https://www.instagram.com/tomarigi_sennan/?hl=ja,タピオカドリンク,はい,いいえ,,1時間以上かけて仕込んだモチモチの生タピオカ、を、ミルクベースとティーベースの2種類の飲み方でお楽しみいただけます！大変な状況下ですが、わたしたちトマリギのタピオカが、皆さんの疲れを癒すお手伝いができたら幸いです！,ザンザン黒糖(黒糖ミルク),550,ザンザンストロベリー(ストロベリーミルク),550,アッサムミルクティー,500,,398,
4/24/2020 23:46:58,新規登録,海んちょ,港北区,日吉6?9?18,ヴァンベール日吉1F,35.543051,139.653941,"35.543051,139.653941",455629426,日吉駅,テイクアウトは金曜日、土曜日、日曜日の16時から21時まで,"月曜日, 火曜日, 水曜日, 木曜日",http://umincho.net,https://www.instagram.com/umincho/?hl=ja,和食,はい,いいえ,,日々料理の研究に余念がない店主の、和を洋に、洋を和にと、様々なアレンジを効かせた、アイディアたっぷりの海んちょ自慢の創作料理をお届けします。,もつ煮込み?牛すじ入り?大盛り,648,あぐー豚の肉どうふ,1058,梅酒で漬けた油淋鶏,626,横浜野菜の浅漬け盛り合わせ（432）、ごぼうのサクサク揚げ（550）、山芋ステーキ（669）、ガーリックポテト（423）、手羽先の唐揚げ（734）,148,
5/4/2020 16:37:50,新規登録,うなぎ料理　しま村　青葉台店,青葉区,青葉台2-10-16,第2鈴木ビル1階,35.545364,139.51667,"35.545364, 139.516670",454791131,東急田園都市線青葉台駅,"【テイクアウト】
　[平日]
　　11:00～15:00（L.O 14:00）
　　16:30～20:00（L.O 19:00）
　[土・日・祝日]
　　11:00～15:00（L.O 14:00）
　　16:30～20:00（L.O 19:00）

【デリバリー】出前館によるサービス提供
・受付時間
　[平日]
　　11:00 ～ 13:00
　　16:30 ～ 19:30
　[土・日・祝日]
　　11:00 ～ 19:30
・お届け時間
　　ご注文より約75分
・配達区域
　　青葉区一部、緑区一部
定休日：火曜日、第２・第３月曜日 ※祝日の場合は、水曜日休み",火曜日,https://unagi-shimamura.com/,,うな重,はい,はい,"配達料420円　※1500円以上（税込、送料含まず）で送料310円
テイクアウトと同じメニューを揃えておりますが、
テイクアウトよりも価格を高く設定しています。
予めご了承くださいませ。","【鰻料理専門店の味をご家庭でも】
うなぎ一筋五十年。目利きと技に自信あり。
伝統の技と味を極め、新たなうなぎ料理の世界を追及します。",うな重（竹）,3564,うな重（松）,4536,うな重（特上）,5940,上記メニューの価格は、テイクアウトの価格です。,447,
4/23/2020 16:07:01,新規登録,ローカーボやざわダイニング,青葉区,藤が丘1-23-13,アベニュー藤が丘1階,35.545577,139.533359,"35.545577, 139.533359",455074616,藤が丘,テイクアウト、デリバリーとも11:00～13:30　17:30～20:00　水曜夜のみ休み,水曜日,https://yazawa-dining.com/,https://www.facebook.com/%E3%83%AD%E3%83%BC%E3%82%AB%E3%83%BC%E3%83%9C-%E3%82%84%E3%81%96%E3%82%8F%E3%83%80%E3%82%A4%E3%83%8B%E3%83%B3%E3%82%B0-100548414734197,お弁当,はい,はい,"当店から5Km圏内1回300円　500ｍ圏内は1回100円　3,000円以上無料",野菜たっぷり、美味しくてヘルシーなお弁当を食べたいなら「やざわダイニング」！素材から手をかけて作るお総菜を一度味わっていただければと思います♪店から5Km圏内なら配送もOK。,日替わりお肉弁当,750,日替わりお魚弁当,700,ローカーボ弁当（肉または魚）,1000,「鶏そぼろ弁当」「500」,83,
4/22/2020 7:49:29,新規登録,炭火焼きステーキ　Grill C,青葉区,青葉台1-15-19,,35.5467762,139.5171474,"35.5467762, 139.5171474",454825105,青葉台,テイクアウト・飲食は11:30?14:00/17:30?20:00,水曜日,https://sumibiyakisteakgrillc.owst.jp/,https://m.facebook.com/grillc201405/?locale2=ja_JP,ステーキ、ハンバーグ,はい,いいえ,,"黒毛和牛・上州牛を使ったステーキ、ハンバーグを是非ご賞味ください！

営業時間は当面20:00までですが、通常は21:30までやっております。
4/29（水）は営業、4/30に代休をいただきます。",上州牛ランプステーキ弁当,1500,上州牛イチボステーキ弁当,1800,国産牛ハンバーグ弁当,1100,黒毛和牛ランプステーキ弁当/1700円　他,6,
5/4/2020 16:23:56,新規登録,うなぎ料理　しま村　高田本店,港北区,高田東3-4-11,,35.549145,139.622245,"35.549145, 139.622245",455490880,横浜市営地下鉄グリーンライン高田駅,"【テイクアウト】
　[平日]
　　11:00～15:00（L.O 14:00）
　　16:30～20:00（L.O 19:00）
　[土・日・祝日]
　　11:00～20:00（L.O 19:00）

【デリバリー】出前館によるサービス提供
・受付時間
　[平日]
　　11:00 ～ 13:00
　　17:00 ～ 19:30
　[土・日・祝日]
　　11:00 ～ 15:00
　　17:00 ～ 19:30
・お届け時間
　　ご注文より約75分
・配達区域
　　日吉、日吉本町、下田町、箕輪町、
　　綱島東、綱島台、綱島西(一部)、
　　高田東、高田西(一部)
定休日：水曜日 ※祝日の場合は、翌日休み",水曜日,https://unagi-shimamura.com/,,うな重,はい,はい,"出前館にてサービスを提供しております。
送料420円　※1500円以上（税込、送料含まず）で送料310円
テイクアウトと同じメニューを揃えておりますが、
テイクアウトよりも価格を高く設定しております。
予めご了承くださいませ。","【鰻料理専門店の味をご家庭でも】
うなぎ一筋五十年。目利きと技に自信あり。
伝統の技と味を極め、新たなうなぎ料理の世界を追及します。",うな重（竹）,3564,うな重（松）,4536,うな重（特上）,5940,"全てのうな重に肝吸、またはお茶をお付けします。
上記金額は、テイクアウトの価格となります。",446,
4/22/2020 1:33:51,新規登録,ダイニングバー　Keynz（ケインズ）,青葉区,市ケ尾町1054-1,森田屋ビル1F,35.54932,139.539735,"35.549320, 139.539735",459733573,市が尾駅,受付時間：11時～20時,定休日なし,http://www.keynz.com/pc/index.php,https://www.facebook.com/keynzichigaotamaplaza/,お弁当・ピザ・単品総菜など,はい,はい,2500円以上から配達致します。デリバリーは各メニュー表示価格＋200円となります。,"市が尾駅から徒歩約5分のところにある「KEYNZ（ケインズ）」です。
市が尾にお店を構え、開業２３年
たまプラーザ店は開業９年を迎えます。

オイスターマイスターが選ぶ、牡蠣を中心としたメニューや、
オリジナリティー溢れる創作料理はどれも絶品です!! 
【安心&安全】のもと、野菜を育てるところから、ソースやタレまで、手作り。　
旬の野菜は、無農薬で育てた青葉区産を使用しています。

現在Keynzでは
安心、安全にお食事を楽しんでいただき、気持ちを少しでも明るく過ごしていただけるようにと、通常営業ではなく、テイクアウト＆デリバリー営業をしています！
Keynzの特製弁当、その名も【映(ばえ)弁当】は見て楽しい、食べて美味しいと楽しめるように一つ一つ手作りでおつくりしております。

毎日instagramとfacebookを更新しています★
是非　keynz　で検索お願い致します♪♪

英語での対応もしているので、安心してお問合せください！
We are open for To go and Delivery!
We have an English menu.
Please check this page：　http://www.keynz.com/pc/-----/-/
Call us at 090-7701-6404（こちらの番号は、英語対応専用番号となります）
English speaking staff will assist you!!


デリバリー範囲：美しが丘、美しが丘西、犬蔵、荏田西、市ケ尾町、
その他お店周辺のいける範囲まで行きます！ご相談下さい☆☆",牡蠣フライ弁当（5個入り）,1680,から揚げ弁当（5個入り）,1000,ナポリ風　マルゲリータピザ,1180,"〇チキン南蛮弁当：1280円　
〇エビフライ弁当：1480円　
〇グルグル！ソーセージ！：1000円　
〇特製ベーコンのペンネサラダ：680円　
〇4種のチーズピザ：1500円　
〇その他単品メニュー、日替わり弁当などご用意しております♪
詳細はfacebook&instagramをチェック！！",5,
4/24/2020 21:40:18,新規登録,ペグルトゥーゴー,青葉区,桜台44-12,,35.54985,139.508351,"35.549850, 139.508351",458773330,青葉台駅,月曜日・火曜日・金曜日・土曜日・日曜日【11:30 ? 18:00】,"水曜日, 木曜日",,https://www.facebook.com/PegulToGo/,魯肉飯（台湾料理）,はい,いいえ,,横浜青葉台のお弁当屋で、魯肉飯（ルーローファン）専門店。魯肉飯の定義「脂身のある豚肉を甘塩っぱく煮込んだもの」を守って、ペグルトゥーゴーオリジナルの美味しい魯肉飯に仕上げました。体に優しくて美味しいお弁当を、ぜひ味わってください。ゴミを減らすをコンセプトに作られた優れもの、【ペグルバッグ（紙のお弁当袋）】で、ご提供しています。,魯肉飯（ルーローファン）,756,魯肉??飯（ルーローカリーファン）,756,,,,146,
5/8/2020 12:58:33,新規登録,Le Caprice Yokohama,都筑区,牛久保町　1894?3,,35.569669,139.570712,"35.569669, 139.570712",8067519224,横浜市営地下鉄/中川　東急田園都市線/鷺沼,11：00から21：00　不定休,不定休,https://r.goope.jp/caprice,https://twitter.com/bizcaprice,洋食,はい,はい,,「Le Caprice Yokohma」は、大田区でイタリアンレストランを経営していたオーナー夫婦が、自宅を改装してオープンした小さなレストランです。美味しい食事を囲んで大切な人達との会話が弾む、隠れ家的レストランです。豊洲市場直送の新鮮なあさりやはまぐり、タコなどを活かした料理を提供しています。,ナポリ?ラザニア ,1800,ローストチキンサラダ ,1000,漁師?スパゲッティ,1500,"ミックス \1,000
シーフードピザ\1,200
マルゲリータ \1,250
ペンネアラビアータ \1,200
ゴルゴンゾーラチーズリゾ ッ ト \1,800
ペペロンチーノ \1,000
ボンゴレスパゲッティ \1,200
ナポリ?スパゲッティ \1,000　
ナスとチーズのグラタン \1,000　
特選??和?のたたきサラダ \1,600
アボカドと?ささみのサラダ \1,200
地鶏のグリル バルサミコソース \1,600
三元豚のスペアリブ \1,500
海?・イカ・アサリ・蛤・ムール?の海鮮野菜炒め \2,600
特?アサリの?ワイン蒸し \1,200",551,
5/8/2020 9:57:39,新規登録,横浜家系らーめん魂心家 あざみ野,青葉区,新石川1-8,,35.569885,139.554672,"35.569885, 139.554672",455325222,あざみ野,11：00～翌3：00　営業時間内,定休日なし,http://www.konshinya.com/,https://twitter.com/konshinya178,ラーメン,はい,いいえ,,ご自宅でも魂心家の本格家系ラーメンを！ご要望にお応えして、魂心家あざみ野でもテイクアウトを始めました??券売機でご購入後、スタッフへ「テイクアウト」で、とお申し付けください。,らーめん(醤油・塩),700,魂心らーめん(醤油・塩),820,濃魂つけ麺,800,,544,
4/22/2020 18:32:13,新規登録,Smokin' Bluemoon,青葉区,すすき野1-8-33,,35.573764,139.529687,"35.573764, 139.529687",8043413335,あざみ野,テイクアウトは、事前予約で、GWまでは月曜～木曜日、土日11：00～14：30、17：30～20：00,定休日なし,https://www.facebook.com/smknbluemoon,https://www.instagram.com/smknbluemoon/,お弁当,はい,いいえ,,アメリカ人シェフによるキッチンカーのお弁当です。都内のオフィス街や大学でもファンの多いメニューにプラスして、メニューのレパートリーに困っている方に、メニューも今後入れ替えも予定しています。,塩ジンジャー鷄焼きそば,400,唐揚げ弁当,500,ハーブチキン弁当,600,"ハーブチキンandハーブソーセージ弁当　700
ジンジャーポーク弁当　600
ビーフステーキ弁当　1,000",42,
5/3/2020 16:01:06,新規登録,トラットリア　フランコ,西区,北幸　2-4-10,大明ビル　1階,35.466796,139.617578,"35.466796, 139.617578",453245171,横浜駅,11:30 ~ 20:00,定休日なし,https://www.facebook.com/trattoriafranco.jp,https://www.facebook.com/trattoriafranco.jp,イタリア郷土料理,はい,はい,400,イタリア郷土料理を本場の味で提供しています。,愛媛県岩城島産　レモン豚のグリル,2500,ランプレドット (フィレンツェ屋台の牛もつ煮込み),1450,トリッパと白インゲン豆のトマト煮込み,1450,イタリア、パルマ産切り立て生ハム極薄スライス　　\1000,401,
4/28/2020 22:01:40,新規登録,発酵スープカレー ミコヤ．,港北区,綱島西1-10-23,池田ビル2階,35.537137,139.632981,"35.537137, 139.632981",458345346,綱島,11時-15時日曜日以外,日曜日,https://mikoya-soupcurry.jp/,https://m.facebook.com/hakkosoupcurrymikoya,健康食,はい,いいえ,,"日本に昔からある食文化と何か新しい食文化を加え、ご来店いただけるお客様が笑顔でまた来店していただけるような食を提供したい。
いくつかの試行錯誤の末、皆様が親しみのあるメニューにと決めました。

それも、発酵食品と薬膳が織り成す、発酵スープカレー。

こうして、今のミコヤの発酵スープカレーが出来上がりました。発酵のもつエネルギーを活かし、自然の恵み、薬膳とのフュージョン。
ココロとカラダが喜ぶ楽しいヒトトキをお過ごしください。
今日も誰かを笑顔にできますように。
",チキンとお野菜の薬膳スープカレー750円(税込),750,ポークとお野菜の薬膳スープカレー750円(税込),750,,,,272,